id,username,created_at,lng,lat,text
1517611629747314690,cakeyizumi,Fri Apr 22 21:09:43 +0000 2022,-87.732013,41.8335845,@vincentschnabl @FrankieDTankie Breathtaking
1517611630875406336,theofficialsamt,Fri Apr 22 21:09:43 +0000 2022,-118.4119065,34.0207895,Need to get unfathomably shitfaced
1517611631152451587,Samsonprops,Fri Apr 22 21:09:43 +0000 2022,-77.1216,38.8098,Charles Kim would love to show you the #listing at 131 Cambria Walk #Alexandria #VA  #realestate‚Ä¶ https://t.co/ZVZx8V9vQd
1517611632859394048,garm_77,Fri Apr 22 21:09:43 +0000 2022,-122.2317885,47.9599495,"@Moflo19 @RexChapman I always thought he was saying ""old fuzzy toupee""..."
1517611634210000896,annafoxylove,Fri Apr 22 21:09:44 +0000 2022,-122.583,47.3275,"Just posted a photo @ Gig Harbor, Washington https://t.co/ooKtHL49u3"
1517611634813984769,rikincanton,Fri Apr 22 21:09:44 +0000 2022,-82.6694675,40.365159500000004,@PaulNicholsDC Good luck
1517611635204055043,mabry4849,Fri Apr 22 21:09:44 +0000 2022,-92.13127399999999,34.7519365,@MichaelMacQuil1 And what could take his place is even worse.
1517611636613283840,Don_K_Williams,Fri Apr 22 21:09:44 +0000 2022,-119.30660750000001,37.2691755,@tim_aga2 @CoachLambrechts We only have a few late entry clients left on the women‚Äôs side. Coach can DM me.Happy‚Ä¶ https://t.co/in2URcp87W
1517611638488190976,AbdelsalamMd,Fri Apr 22 21:09:45 +0000 2022,-80.2333285,25.7823535,@Mo_majali91 @slusom @svinsociety Miss you guys all
1517611638383337475,RyanVincentNJ,Fri Apr 22 21:09:45 +0000 2022,-73.99084,40.863688499999995,I‚Äôll be live-tweeting some of my favorite LPs and 45s that I‚Äôll be spinning during the show! Follow all the action‚Ä¶ https://t.co/R8hgBOIYPc
1517611638450491392,kenutton3,Fri Apr 22 21:09:45 +0000 2022,-100.0768885,31.1688935,@MaryEll75094197 Lookin for my friend from Gallup
1517611639209664514,MamaB2485,Fri Apr 22 21:09:45 +0000 2022,-82.6631435,28.2182495,@rysat311 It was hanging from the power lines and tangled in the wires. They must have been going really fast to be‚Ä¶ https://t.co/fUzopB2TW6
1517611639549345792,ExtraChrisP_,Fri Apr 22 21:09:45 +0000 2022,-80.63113150000001,35.4019815,@bDoddleS @gotchasaurus @hawks4life89 @DOBrienATL The difference is guys like Morton and Arrieta have never walked‚Ä¶ https://t.co/tZapqFhZSx
1517611642082762752,brandonlaw_wx,Fri Apr 22 21:09:45 +0000 2022,-93.6115305,41.732949,It‚Äôs happening üòé https://t.co/FATKlaNSjq
1517611643517030400,eggtron5000,Fri Apr 22 21:09:46 +0000 2022,-118.4119065,34.0207895,@richardhvia well you heart her!!!!
1517611643479289856,KingFrankyG11,Fri Apr 22 21:09:46 +0000 2022,-122.630908,45.536402,@KyMcFly @OMGitsRIVERS Jesus lol. Ain‚Äôt no way
1517611643647180801,LegendaryLarry3,Fri Apr 22 21:09:46 +0000 2022,-75.117998,40.0048655,"And just like that, nothing matters anymore and I want to get hit by a meteorite"
1517611644658110467,jaycannadysongs,Fri Apr 22 21:09:46 +0000 2022,-86.885684,36.139686,"Instead of buying a #guitar today, I spent 300 bucks at #costco #imanadult #over40 #newrules"
1517611647610851328,MissGolfAssn,Fri Apr 22 21:09:47 +0000 2022,-91.380189,31.543236999999998,Round 1 of the 2022 Bill Cass Senior Four-ball is in the books!! To see 1st Round results visit‚Ä¶ https://t.co/czEUv5p4hg
1517611648281980930,ashuck33,Fri Apr 22 21:09:47 +0000 2022,-81.705467,41.495939500000006,@AmbassadorAries He does look mad!
1517611648353251331,ZakariaParker5,Fri Apr 22 21:09:47 +0000 2022,-90.696841,35.828626,@mkparkerr2 Ugh me too I thought I was tripping I‚Äôve seen like 10 post down my fb üôÑ‚ÄºÔ∏è
1517611649435197442,Conlabrisa,Fri Apr 22 21:09:47 +0000 2022,-115.23443549999999,36.0188045,I HAVE NO IDEA WHAT THESE ANALYTICS MEAN AND ITS ONLY WORSE.
1517611649770958848,DoctorKCW13,Fri Apr 22 21:09:47 +0000 2022,-93.15692200000001,45.0140865,@playwitholivia @carmenpremier @TOboudoir Sexy baby üíû
1517611649535934464,PrinceodbRuiz,Fri Apr 22 21:09:47 +0000 2022,-111.928142,33.392883999999995,@BarackObama @TheDemocrats @SenateDems @SenatorSinema @SenateGOP @librarycongress @POTUSPress @POTUSADVISORY @GOP‚Ä¶ https://t.co/wiF0TxDMw0
1517611650567880708,donniew031971,Fri Apr 22 21:09:48 +0000 2022,-96.7349005,33.061242500000006,Katelynn in me worshipping satan again I am sick of fucking satan worshippers get the hell out of me now I am donni‚Ä¶ https://t.co/sqmdnp2LJe
1517611651645718539,nhhssports,Fri Apr 22 21:09:48 +0000 2022,-71.4440805,42.971199,"Narrow miss for @Owlslacrosse. Lebiedz got a piece of a shot. The ball hit the post, hit the goalie's back, hit the‚Ä¶ https://t.co/5cNsr4fX8T"
1517611651436007425,kryptonfty,Fri Apr 22 21:09:48 +0000 2022,-87.732013,41.8335845,"@CirrusNFT Me, a peasant just out here trying to get a BAKC before they too hit 30ETH ü§£ https://t.co/7bX750EXkm"
1517611652748910594,AngieNwajide,Fri Apr 22 21:09:48 +0000 2022,-84.433106,33.7671945,The math isn‚Äôt mathing these days üòÇ
1517611653906329600,jmease,Fri Apr 22 21:09:48 +0000 2022,-104.92209349999999,39.713563,@TaylorTakes2 Could be a Goonies reboot... #TruffleShuffle
1517611654959280128,rafat,Fri Apr 22 21:09:49 +0000 2022,-73.8311875,40.6708795,"The most creative new event in travel industry, dropping next month in NYC: Future of Lodging Forum, May 11-12, The‚Ä¶ https://t.co/2Rp4TDKPDb"
1517611655240290310,EldritchVirgo,Fri Apr 22 21:09:49 +0000 2022,-77.101999,38.8808445,@nolanp_2002 Ummm Sonic 2 literally happened????
1517611656896937985,BetterBelievus,Fri Apr 22 21:09:49 +0000 2022,-118.1567105,33.809171500000005,@jdcrowley @mustachetoilet He was born in  #ThaLBC #LongBeach
1517611656976736259,MzBoColar,Fri Apr 22 21:09:49 +0000 2022,-91.81759,30.00514,"Life LessonsüíØ @ New Iberia, Louisiana https://t.co/Byn8Wyzc7u"
1517611657320534016,bihouet_rafael,Fri Apr 22 21:09:49 +0000 2022,-116.929102,32.3328765,@mrsrobinsonxo @localsextingxxx üåπ‚ù§Ô∏è‚ù§Ô∏èüíãüíãüíã but in your little thing that can almost be seen
1517611657236787204,hannastasia,Fri Apr 22 21:09:49 +0000 2022,-90.24782400000001,38.653771,When even your competition‚Äôs deserters are campaigning against you!
1517611658318913537,longgameOBW,Fri Apr 22 21:09:49 +0000 2022,-80.63113150000001,35.4019815,@michelle000097 @iblamedonna @w_white18 Yea‚Ä¶yea they are üòÆ‚Äçüí® https://t.co/OMZ8usYtao
1517611659484962818,vers1205,Fri Apr 22 21:09:50 +0000 2022,-85.7682405,37.822244,@BBdaddy41 I‚Äôm ready
1517611659849834498,CodySmash62,Fri Apr 22 21:09:50 +0000 2022,-97.28591349999999,32.7799665,"Dealing with my emotions lately and it just seems to be a fine line to fall off on. Walking the path I‚Äôm good, I‚Äôm‚Ä¶ https://t.co/YNSlXTBPAy"
1517611661523185664,tmj_KS_skltrd,Fri Apr 22 21:09:50 +0000 2022,-95.6795777,39.0482757,"Ryder is looking for teammates like you. See our latest #SkilledTrade job openings, including ""DIESEL MECHANIC"", vi‚Ä¶ https://t.co/KqYmHYKXMe"
1517611662211223559,Solar_osu,Fri Apr 22 21:09:50 +0000 2022,-86.611411,34.7060265,@sirchuffey The original creator of my boy is posting one of these no way :3c https://t.co/v52AFpFwom
1517611662689382408,TomLaCombe4,Fri Apr 22 21:09:50 +0000 2022,-83.876048,42.623483,@Nickthornton35 @BenVerlander Not looking good‚Ä¶.rain supposed to be all night until 4am https://t.co/IbApMVkOvv
1517611663545053185,BenNune89404356,Fri Apr 22 21:09:51 +0000 2022,-73.8311875,40.6708795,@ericswalwell Cooked! Doesn‚Äôt even know it!
1517611664086114304,BWSLGirlsAAU,Fri Apr 22 21:09:51 +0000 2022,-76.3827499,37.060116,Nike 16 EYBL - Pro Skills def. AL Southern STARZ 16U - Bush Nike EYBL 55-50 #exposurebball
1517611664467660800,tmj_dc_sales,Fri Apr 22 21:09:51 +0000 2022,-76.8966397,38.9340002,"Don't submit then quit. Apply for jobs like ""Part Time Sales Associate"" at ACE Cash Express, then look for people y‚Ä¶ https://t.co/qdp4r08Pt5"
1517611664471781376,CROSSMARKJobs,Fri Apr 22 21:09:51 +0000 2022,-90.0406608,38.9092138,"Can you recommend anyone for this job? Retail Merchandiser PT ‚Äì Daytime, No Weekends! - https://t.co/yTOnROV5W7‚Ä¶ https://t.co/38C8VZfL6K"
1517611664622956546,johnwcbragg,Fri Apr 22 21:09:51 +0000 2022,-84.022463,39.8069165,"@AliceFromQueens @Kangaskhan6 @Noahpinion It's a risky strategy on a first date, but it might pay off in the long r‚Ä¶ https://t.co/xLLlYbg7Dk"
1517611664966918145,SMACheer,Fri Apr 22 21:09:51 +0000 2022,-81.46947294,28.42487824,#PREMIERE#ASWC22#ShowMeAthletics #WelcomeToTheShow https://t.co/r3odM5qGn5 @ Orange County Convention Center https://t.co/pox8OjMplv
1517611665424015361,BWSLGirlsAAU,Fri Apr 22 21:09:51 +0000 2022,-76.3824515,37.0601239,Nike 17 EYBL - TN Flight def. DFW 53-40 #exposurebball
1517611665516376065,Stephan19586329,Fri Apr 22 21:09:51 +0000 2022,-82.6694675,40.365159500000004,Only a moron if Joe had that hat on or you voted for him
1517611665927376899,ThomasT92555412,Fri Apr 22 21:09:51 +0000 2022,-98.5406515,29.417501,"Save your State, Kentucky! Moscow Mitch has 3 Russian Aluminum companies in your state! Old white-haired men in gov‚Ä¶ https://t.co/I8IOGl5Wus"
1517611666946600960,genreflexion45,Fri Apr 22 21:09:51 +0000 2022,-83.804475,27.698681999999998,Don‚Äôt give the Big Bopper ideas
1517611669429444608,anthonyramey5,Fri Apr 22 21:09:52 +0000 2022,-118.4119065,34.0207895,"Remember,it's not a lie that's getting McCarthy in troubleIt's the Truthü§£ü§£ü§£ü§£ü§£ü§£ü§£ü§£"
1517611669454831616,mikekomb,Fri Apr 22 21:09:52 +0000 2022,-98.5406515,29.417501,"@RealRonHoward So brave, Ron. So brave."
1517611670021017607,Notsojingo,Fri Apr 22 21:09:52 +0000 2022,-80.1783915,26.03968,@DylanTweetin @ThatEricAlper Was just Listening to a Garcia Band rendition! https://t.co/mu255EvRq8
1517611670704508928,Sokesss,Fri Apr 22 21:09:52 +0000 2022,-111.85839849999999,33.639340000000004,@KennyLegan I swear the bottom of my laptop gets up to 100 degrees Fahrenheit üòÖ
1517611670876704770,Kyle_Thiem,Fri Apr 22 21:09:52 +0000 2022,-84.76301000000001,33.3799165,"üò≥ü´£Woooooow, these are all non-TSTM Wind Gusts, at a quick glance highest I saw was 75 mph. https://t.co/NYEtgQJCs8"
1517611671019302913,StacyShadows,Fri Apr 22 21:09:52 +0000 2022,-89.5694915,44.900818,En route. Let's do it https://t.co/dBY7eN7vXP
1517611670788620289,lwyroom116,Fri Apr 22 21:09:52 +0000 2022,-76.781245,39.950207,"Check out Eydrien &amp; Calvin completing a complex, 60 piece USA puzzle! They surely showed perseverance with this one‚Ä¶ https://t.co/P37cEhQpMR"
1517611673447768065,WRahnw,Fri Apr 22 21:09:53 +0000 2022,-77.349057,38.9558015,@DJMickBabes Right
1517611674152415233,bungalo2bill,Fri Apr 22 21:09:53 +0000 2022,-81.705467,41.495939500000006,"@SamRobertsWX @alsoJulZ Out of sight, out of mind.ü§©"
1517611674538229761,rap2022,Fri Apr 22 21:09:53 +0000 2022,-88.113245,41.85174000000001,@JoJoFromJerz Lost count. Used it as a drinking game. Was wasted before the 1st recess.
1517611674576076803,MeRanDuhPanda,Fri Apr 22 21:09:53 +0000 2022,-95.3268995,29.547884500000002,This is about to be an adventure
1517611674710204417,MistyTrainxr,Fri Apr 22 21:09:53 +0000 2022,-77.49317049999999,37.529883,@yo_gaba_gaba93 Thank you ‚ù§Ô∏è‚ù§Ô∏è‚ù§Ô∏è I'm slowly learning to accept what's happened
1517611676438171648,FaeAssassin,Fri Apr 22 21:09:54 +0000 2022,-112.12467649999999,33.5528625,"@Emm_Initiative Which one, Cat or Shelly? I've known them both for decades. lol They're good folks, have saved my l‚Ä¶ https://t.co/If741xXDYc"
1517611676794855425,SawyerJerry,Fri Apr 22 21:09:54 +0000 2022,-68.98470499999999,45.188407,"@GOPLeader Insurrection is undemocratic and unAmerican, Qev."
1517611677348417537,PatAndriola,Fri Apr 22 21:09:54 +0000 2022,-73.9487755,40.655138,The coolest part is that a bunch of awesome and important people are going to gather to hear what our formerly inca‚Ä¶ https://t.co/lO0FZCKczv
1517611679726522368,David_Arquilla,Fri Apr 22 21:09:54 +0000 2022,-111.926,33.4931,Feelin‚Äô good on Friday üôè üòé üå¥ #goodvibesonly #fridayvibes #smiles #indianajones #sunglasses #bliss #blessings‚Ä¶ https://t.co/S0fBSzsOSd
1517611680334856193,efrain2_17,Fri Apr 22 21:09:55 +0000 2022,-87.732013,41.8335845,@Zealous_Libra Big Thunder
1517611680427126785,Sir_Kenzalot,Fri Apr 22 21:09:55 +0000 2022,-74.184848,40.734494,@Queen_Dreaa_ she out there getting bounced around üòÇ
1517611681140027392,MkPaxson,Fri Apr 22 21:09:55 +0000 2022,-121.3322235,38.46894,@RMGaustad People who support candidates like Walker are just demonstrating they have no integrity and no standards.
1517611682507505670,love_overdrive,Fri Apr 22 21:09:55 +0000 2022,-77.60468399999999,41.1179365,@Zeldahigh1 I'd watch!
1517611681727143936,itsmaryadams,Fri Apr 22 21:09:55 +0000 2022,-118.4119065,34.0207895,"My favorite part from Find It In You, out 4/29 üíú  Pre-save now üîó: https://t.co/1YePkGwe4t #singersongwriter‚Ä¶ https://t.co/lX9mRtSx1y"
1517611683933560832,StephCristt,Fri Apr 22 21:09:55 +0000 2022,-94.8227755,29.287575,@RHXDUBAI So sorry sweetie
1517611684256485377,actually_cc,Fri Apr 22 21:09:56 +0000 2022,-76.62048200000001,39.284712999999996,"This ""drugs aren't laced with fentanyl"" discussion on Twitter is beyond frustrating. Speak with any lab technician‚Ä¶ https://t.co/vkuOHlczJQ"
1517611684805832704,ussburns588,Fri Apr 22 21:09:56 +0000 2022,-122.360053,40.5539945,BIDENOMICS: A pathetic Biden Blames Putin For His High inflation in Pathetic Tweet. PUTIN WAS not even on the radar‚Ä¶ https://t.co/5efTrDEEgw
1517611685002981376,North_Warehouse,Fri Apr 22 21:09:56 +0000 2022,-122.630908,45.536402,SET TIMES FOR TONIGHT:9:00 Doors9-10 @EndZymeOfficial 10-10:45¬†chLL smth¬†(@kLLsMTHmusic )10:45-11:30 -‚Ä¶ https://t.co/xp3cPLERij
1517611684935970816,goldisacks,Fri Apr 22 21:09:56 +0000 2022,-73.9487755,40.655138,no offense
1517611685225263104,drusom_,Fri Apr 22 21:09:56 +0000 2022,-119.30660750000001,37.2691755,Lol now what if bill gates decided to buy all of Twitter? ü§îü§î
1517611685519020038,Pashin_35,Fri Apr 22 21:09:56 +0000 2022,-84.2162235,40.0387495,https://t.co/j0yEGP0G0XLittle studio ghibli bb ‚ú® https://t.co/mAP4eUrZ8H
1517611685854564352,kkrause99,Fri Apr 22 21:09:56 +0000 2022,-92.1778075,38.5526005,@kariecupcake @twobigboysblog I think that could fall under Gluttony or Lust depending upon one‚Äôs proclivities üòÇ
1517611687200833540,Alize_xo,Fri Apr 22 21:09:56 +0000 2022,-74.5977135,40.332387,Stg bitch shut up!!üòÇü§£ü§£ü§£ü§£
1517611689734193154,Heather83520268,Fri Apr 22 21:09:57 +0000 2022,-80.26351700000001,26.1245075,I just told my representative to stop funding war and to invest in our communities! For too long our taxpayer dolla‚Ä¶ https://t.co/UFqv9i7pcc
1517611690216542209,cmays_media,Fri Apr 22 21:09:57 +0000 2022,-83.9638415,35.9824705,@ArnoldCaylan Thank you! I appreciate that.
1517611688828321802,bonniemaysTop25,Fri Apr 22 21:09:57 +0000 2022,-85.9094,37.6713,Brenda Krull would love to show you the #listing at 125 JOSEPH Ave #Cecilia #KY  #realestate https://t.co/uIuUbNPNEN https://t.co/WQKy6DkFtp
1517611692523466752,marieguidryyy,Fri Apr 22 21:09:58 +0000 2022,-91.0907995,30.4591,@adorefiIm Conüò≠üò≠gratsüò≠üò≠üò≠
1517611693270044672,SlakedbyJake,Fri Apr 22 21:09:58 +0000 2022,-86.7039345,33.39472,@Ri_S_OB @NPerkins96 Quick y‚Äôall distract BOB and I‚Äôll slide in the running playbook from Mike Locksley
1517611693546815490,LSUDilly0,Fri Apr 22 21:09:58 +0000 2022,-93.208902,30.331407499999997,"By the time somebody figures out how to make a 40‚Äù tv get 144fps, monitors gonna be 1000fps ü§£ü§£ü§£ü§£"
1517611694461124608,Lorsan51,Fri Apr 22 21:09:58 +0000 2022,-121.469664,38.561722,@RepSwalwell Soft on ... Eric Swalwell for China and fang fang
1517611694842793984,BrandenIsMyName,Fri Apr 22 21:09:58 +0000 2022,-116.238001,43.598033,@CBSNews My observation: the left screams about big businesses pay their share of taxes. But when it really happens‚Ä¶ https://t.co/AAcGHsRx9G
1517611695765524480,Bizzlite,Fri Apr 22 21:09:58 +0000 2022,-73.99033656,40.70305698,"#DrivingShot4üóΩüì∑üôå FriYaY, 4/22/22.... @ DUMBO, Brooklyn https://t.co/K2H76mLkut"
1517611697183277057,ftlpaul8,Fri Apr 22 21:09:59 +0000 2022,-80.1491725,26.150368,Love how DeSantis uses a lot of little kids as props on the stage when he talks about or signs his hateful racist a‚Ä¶ https://t.co/u3OUygenGH
1517611699586666497,jazminnhayes,Fri Apr 22 21:09:59 +0000 2022,-79.2725695,43.629311,give me a good reason to be heartsick again ‚ú®üì∏ @maxwongportrait x playboy centerfold https://t.co/SAGA3BRRGD
1517611700291207168,theofficialsamt,Fri Apr 22 21:09:59 +0000 2022,-118.4119065,34.0207895,Taking notes rn
1517611699897090048,slideeffectofme,Fri Apr 22 21:09:59 +0000 2022,-80.296131,25.935557,Who trying to suck di k in walmart parking lot right nowsexo en el coche... estacionamiento de walmart https://t.co/ulxCxuAHLl
1517611700056465409,sjmelniszyn,Fri Apr 22 21:09:59 +0000 2022,-83.804475,27.698681999999998,@ChrisHohnholz @VOR_Radio It‚Äôs going to be a juicy episode. https://t.co/WeldG6troO
1517611699544621056,uagcaz,Fri Apr 22 21:09:59 +0000 2022,-112.12467649999999,33.5528625,Another nifty discovery I made today while at @EMCC_Official I love Red-eared Sliders ü•∞#happyEarthDay2022 https://t.co/Z5lVvqbTtA
1517611700991582209,EroticaGood,Fri Apr 22 21:10:00 +0000 2022,-121.716454,37.931388,@SanguineGodiva Steve Camp - sang about love and compassion in the 80s but now is full blown Trumper full of hate.‚Ä¶ https://t.co/2VVsmVd4r8
1517611700924596224,emergerebecca,Fri Apr 22 21:10:00 +0000 2022,-82.9187874,39.9531051,I have a new #listing in #Columbus #OH  https://t.co/TTgCc1hnu0 https://t.co/1PdKOnx1F0
1517611703009169409,bobcarlie,Fri Apr 22 21:10:00 +0000 2022,-90.33429,38.629935,The ‚Äúonly thing to do is go out and drink‚Äù mindset &lt; ü•¥
1517611702459633665,coltr92,Fri Apr 22 21:10:00 +0000 2022,-122.958344,49.2396535,@FlamiestDoucheX I love to stuff meat with more meat üòà https://t.co/1ZTtHxcXJ4
1517611704921862144,omega7stone,Fri Apr 22 21:10:00 +0000 2022,-82.7813495,28.0294185,"@Dr_MattThompson From another Matt Thompson, congratulations!!"
1517611706503294976,CROSSMARKJobs,Fri Apr 22 21:10:01 +0000 2022,-88.9645253,40.1536479,"Can you recommend anyone for this job? Retail Merchandiser PT ‚Äì Daytime, No Weekends! - https://t.co/RmNe4FUFFQ #Clinton, IL #Merchandising"
1517611706725265408,tmj_NEO_NURSING,Fri Apr 22 21:10:01 +0000 2022,-95.9979883,41.2523634,"We're hiring in #Omaha, NE! Click the link in our bio to apply to this job and more: Outpatient Registered Nurse -‚Ä¶ https://t.co/uINqqXtbDZ"
1517611706494693377,evan_weaver7,Fri Apr 22 21:10:01 +0000 2022,-84.779467,41.557882,Just across the Ohio border tonight as the Fremont Eagles (3-2) travel to Edon to take on the Bombers (4-4) in nonc‚Ä¶ https://t.co/Ni4NngHxDi
1517611707505463296,King_Leo51,Fri Apr 22 21:10:01 +0000 2022,-89.92202900000001,35.1335205,Geez what a decision. I think I would choose HxH and Berserk
1517611708465901568,jessicaaabruhhh,Fri Apr 22 21:10:01 +0000 2022,-117.46269799999999,34.1081605,God really blessed me and I can‚Äôt thank him enough ü•∫
1517611708860227584,moutoncovewx,Fri Apr 22 21:10:01 +0000 2022,-92.218675,29.875016,83.1F (Feels: 86.9F) - Humidity: 67% - Wind: 5.3mph S - Gust: 5.3mph - Pressure: 30.135in #weather https://t.co/75yzNJ23Eh
1517611709342658568,adotnaz,Fri Apr 22 21:10:02 +0000 2022,-80.3533325,25.772288,Not promoters promoting parties on the earth day story ü§£ü§£
1517611710315732997,tmjred,Fri Apr 22 21:10:02 +0000 2022,-98.319925,38.498196,@POTUS Can u stop killing babies ? Why can't people use birthcontrol ? Easier just yo lay there and vacuum out a ba‚Ä¶ https://t.co/LduO4ZsDKN
1517611708650606598,Dpigford34,Fri Apr 22 21:10:01 +0000 2022,-89.87644900000001,32.571032,"Very young 13 yr old,@CodyP34 C/O 2027 (7th grader) working hard in the back yard lab! Exit velo 80 MPH, off the te‚Ä¶ https://t.co/N5Z5MPkrfB"
1517611710923767808,warne,Fri Apr 22 21:10:02 +0000 2022,-117.1195165,33.501021,@zoeschimke @SEdburg Since we don‚Äôt already have enough of those‚Ä¶
1517611711657828353,mo2dmax,Fri Apr 22 21:10:02 +0000 2022,-80.63954050000001,41.105271,@CBSNews Some gun nut lawmakers won't care how they're contributing this with their increasingly lax laws until it‚Ä¶ https://t.co/P6RoARRIAj
1517611711536185349,armsap,Fri Apr 22 21:10:02 +0000 2022,-85.6790145,30.1801175,@jordanwhitely1 seeing improvements in just a few sessions on the lasers.  1.86 -&gt; 1.79 10yd and 3.05 -&gt; 2.99 20yd.‚Ä¶ https://t.co/bac89bLNWp
1517611712815550471,julie_romanszky,Fri Apr 22 21:10:02 +0000 2022,-85.9785995,35.8305215,üéâüíôCongratulations Ken!üíôüéâ#WATE6 #ChiefMeteorologist#KnoxvilleTennessee
1517611713096564738,BrandonThornNFL,Fri Apr 22 21:10:02 +0000 2022,-98.5406515,29.417501,@SharpFootball @Ryan_McCrystal I‚Äôd expect Kenyon Green to go round 1
1517611714686115842,MambaSmith34,Fri Apr 22 21:10:03 +0000 2022,-80.8467855,35.209058999999996,The amount of people out and about in Charlotte right now is amazing. Haven't seen this since circa 2019. ü§Ø
1517611715264974850,SteveHunt4HoCo,Fri Apr 22 21:10:03 +0000 2022,-76.868493,39.1358485,#Qevin dropping more material than 2Pac did after he died.#McCarthyTapes
1517611716233809928,OleWimboo,Fri Apr 22 21:10:03 +0000 2022,-83.804475,27.698681999999998,@Rr36467848 He can‚Äôt read. Don‚Äôt waste too much time
1517611716217032704,WestLoopTom,Fri Apr 22 21:10:03 +0000 2022,-87.732013,41.8335845,@ChiPartyAunt frunchroom
1517611716443521025,arabdungbeetle,Fri Apr 22 21:10:03 +0000 2022,-97.754724,30.323345500000002,Tongue kissing a porn star publicly gotta be one of the most wicked things an individual can do lol
1517611717756391427,OliviaMancusoTV,Fri Apr 22 21:10:04 +0000 2022,-87.732013,41.8335845,The power of social media. @ridinwithsully will be in possession of his @ObiRobot in a matter of days thanks to the‚Ä¶ https://t.co/iyUAHYFKir
1517611718456840194,dopesince83,Fri Apr 22 21:10:04 +0000 2022,-77.0143985,38.898602999999994,"Streams going crazy, we really appreciate y‚Äôall! Keep running it up SAILID New Single ‚ÄúHot Boy Summer‚Äù OUT NOWüî•üî•üî•‚Ä¶ https://t.co/9cyR5w5ZXk"
1517611720105074688,HenrichsenJohn,Fri Apr 22 21:10:04 +0000 2022,-117.0226945,38.502147,Only a matter of time until Trump sues Carrotop for identity theft
1517611721849929728,Kevin62157635,Fri Apr 22 21:10:05 +0000 2022,-118.4119065,34.0207895,@CZEdwards About 50% are wearing them.  No enforcement.  People are done
1517611720189087747,sraJohnsonD230,Fri Apr 22 21:10:04 +0000 2022,-87.86741950000001,41.524342,So proud of @nshs_sandburg and all their hard work with the Baby Supply Drive supporting @OrlandTownship Food Pantr‚Ä¶ https://t.co/hdkzzF00Iu
1517611724186210304,ffejherb,Fri Apr 22 21:10:05 +0000 2022,-75.0501099,39.8741875,Drinking a Poolside Lager by Tonewood Brewing @ Tonewood Brewing Barrington ‚Äî https://t.co/qZMaE0ILN5
1517611722659487747,GreggSgarlata,Fri Apr 22 21:10:05 +0000 2022,-74.3056735,40.822634,üéÅ BOOM! @nekomuraclub WL Giveaway!In collaboration with @Ascendants_nftüéâ2x WLüéâ To enter‚öîÔ∏è Follow‚Ä¶ https://t.co/jV5whXIuJ2
1517611725234876418,DaleDalebarker4,Fri Apr 22 21:10:05 +0000 2022,-83.804475,27.698681999999998,@BarryHod1 @BaronDestructo So did I!
1517611726333562880,KhatunaLorig,Fri Apr 22 21:10:06 +0000 2022,-117.104989,32.810012,@KylieEricaMar @AmericanAir Yep! Same with other airlines. Trust me it's the people working in the gate just wake u‚Ä¶ https://t.co/s3v6RbXJTE
1517611727067787266,realedmo,Fri Apr 22 21:10:06 +0000 2022,-100.0768885,31.1688935,@paytonciarra I didn't want to say anything
1517611727688548353,SamR33v3s,Fri Apr 22 21:10:06 +0000 2022,-88.02183199999999,42.263628999999995,@C_Spaghett1 I get it
1517611728242098181,everylotchicago,Fri Apr 22 21:10:06 +0000 2022,-87.66994,41.97024,4844 North Ashland Avenue https://t.co/kYNKRZfW7B
1517611729244626950,krawczyk_joe,Fri Apr 22 21:10:06 +0000 2022,-89.5694915,44.900818,@SexxyyAnn1 Hell yes
1517611729399730181,soham1702,Fri Apr 22 21:10:06 +0000 2022,-87.732013,41.8335845,Ngl the weather in Chicago is a bigger gaslighter than the people I chat with on dating apps smh
1517611729584275460,MaldenPolice,Fri Apr 22 21:10:06 +0000 2022,-71.054857,42.428694,@MCathletics1 @LancerHoop @CoachGaffMC @CoachJayKeane @CoachErinBrogan @CoachJoyLeone @SFRDarren @MCLancersHockey‚Ä¶ https://t.co/vkN7dDs8zt
1517611730716663808,AliBradleyTV,Fri Apr 22 21:10:07 +0000 2022,-122.2317885,47.9599495,‚Ä¶The satellite images from Maxar Technologies show four sections of linear rows‚Äî each section is approximately 85 m‚Ä¶ https://t.co/uZHLBMZNa7
1517611730624565250,ArmsDavis,Fri Apr 22 21:10:07 +0000 2022,-91.1822,30.5237,"We3Kings 1088 Swan Ave Baton Rouge,  LA  70807https://t.co/eAD32RXR9r We3Kings_culture 11am-7pm Today @ We3Kin‚Ä¶ https://t.co/JlZmT5u0gE"
1517611732243554306,theEricTang,Fri Apr 22 21:10:07 +0000 2022,-117.77712631,33.68434638,"I'm at IUSD Early Childhood Learning Center in Irvine, CA https://t.co/x9HO749wDC"
1517611732495179776,RochieWBZ,Fri Apr 22 21:10:07 +0000 2022,-71.0887125,42.3136695,#Celtics official injury report for Game 3 at Brooklyn. Good to see Williams ‚Äúquestionable‚ÄùCeltics Injury Report‚Ä¶ https://t.co/Si3PGKRcjC
1517611733250052097,jpod206,Fri Apr 22 21:10:07 +0000 2022,-122.3306025,47.614817,@BillKristol @EliseStefanik I cant figure out who wins and loses in that one...
1517611735083102210,Usctim2,Fri Apr 22 21:10:08 +0000 2022,-80.926628,33.6311395,@mickitiki So can we now call it what it has been all along? Before it was just a clump of cells. It was murder then and it's murder now.
1517611735276040199,michael_silva__,Fri Apr 22 21:10:08 +0000 2022,-73.8311875,40.6708795,Its funny when people are like the lids shouldn‚Äôt have gay teachers and shit because itll imprint and scar them. Bu‚Ä¶ https://t.co/uMcru0W6kn
1517611736815345664,DRESINATRA,Fri Apr 22 21:10:08 +0000 2022,-80.12275699,25.8172887,High End Hip Hop Tonight at @livmiami with world class audio selections by yours trulyüôèüèº @ LIV Miami https://t.co/ol4rTzvchA
1517611736060231682,Milken,Fri Apr 22 21:10:08 +0000 2022,-89.87644900000001,32.571032,"It was a thrill to celebrate  #PearlRiverCentralHS lead teacher Chayna Adams with a $25,000 #MilkenAward today in C‚Ä¶ https://t.co/Q99lo3fLjs"
1517611736991477760,luvbrenea,Fri Apr 22 21:10:08 +0000 2022,-84.141908,31.569316,Now let‚Äôs address the elephantüêò in the room ! Been ducked off for a while but I was handling DELTA business ‚ù§Ô∏è‚Äçüî• https://t.co/Y78GeK5zCF
1517611738686005251,meer_nats,Fri Apr 22 21:10:09 +0000 2022,-76.89907249999999,39.0775575,@chaosghost Clearly. Otherwise we wouldn‚Äôt even be here. Just the wording FOR ME  is a bit dramatic. How about ‚Äúthe‚Ä¶ https://t.co/1fjHUhR35u
1517611739088494592,kerriawesome5,Fri Apr 22 21:10:09 +0000 2022,-122.35777250000001,47.818622500000004,"@KyleJamesHoward @Twitter For sports, I love it."
1517611739336130562,WETHEKINDOMQ,Fri Apr 22 21:10:09 +0000 2022,-79.861034,35.1704985,@YahovahJesus @BillyIdol @pandoramusic @AGoodDa95954430 @monsters_a_gogo @ilpapitrump @DivinityKop @csteckhan‚Ä¶ https://t.co/XtDh1nsW1q
1517611739642277895,kemp_travis,Fri Apr 22 21:10:09 +0000 2022,-101.816092,35.2111155,"In 1994, FOX executives began developing a new Saturday morning cartoon featuring popular characters from their hit‚Ä¶ https://t.co/HMz3i3wquQ"
1517611741009661957,ChantaCombs,Fri Apr 22 21:10:09 +0000 2022,-84.266174,30.476215500000002,@Bustelobitches Fuck
1517611741391339523,dogparkgal,Fri Apr 22 21:10:09 +0000 2022,-81.3417295,28.600185500000002,@NonnymussN See my latest Tweet...
1517611742074785792,dj_davyne,Fri Apr 22 21:10:09 +0000 2022,-84.3889,33.7566,Veggies and Water and that is all I got to say about that.Except for House Head Picnic 2022 July 4th Grant Park @‚Ä¶ https://t.co/R2nxD3q3jw
1517611742322466816,itscuratedco,Fri Apr 22 21:10:09 +0000 2022,-95.44648649999999,29.838495,@buddanthonydiaz ‚ÄúAbsolutely rocked‚Äù
1517611744226463744,glorossssss,Fri Apr 22 21:10:10 +0000 2022,-104.789327,38.8885185,Dusty here too üòµ‚Äçüí´
1517611744423649280,thederbiedone,Fri Apr 22 21:10:10 +0000 2022,-118.09710050000001,34.093244999999996,"@JaxNear @kuztodesigns @garyvee Hi, yeah I love Ace‚Äôs work"
1517611744369205249,Jsjames2285,Fri Apr 22 21:10:10 +0000 2022,-87.9796066,41.8829803,Drinking an Abby's Road - Batch 2 by Standard Meadery @ Standard Meadery ‚Äî https://t.co/6cUlB20EiL
1517611744696352768,CoachSolesbee,Fri Apr 22 21:10:10 +0000 2022,-96.69093699999999,32.9644845,Y‚Äôall really didn‚Äôt put @JaMorant @DBane0625 and @dillonbrooks24 on here??? @Shot_Quality I‚Äôm disappointed. Y‚Äôall‚Ä¶ https://t.co/YfdV20ioJp
1517611744859803649,tmj_NM_transp,Fri Apr 22 21:10:10 +0000 2022,-105.937799,35.6869752,Looking to score a job at FedEx Express? You're in luck. Click the link in our bio for the job description and info‚Ä¶ https://t.co/bWjcfrTZ8I
1517611744629121025,paulgeecook,Fri Apr 22 21:10:10 +0000 2022,-117.104989,32.810012,Gosh I really do want to eat a five pound burrito. https://t.co/gXnQDXxIJH
1517611745422069762,mamma_tanya,Fri Apr 22 21:10:10 +0000 2022,-79.2725695,43.629311,"@3Sheridan3 @TerryVoice22 @TheTorontoSun You probably had it and didn‚Äôt even notice, and now have robust natural im‚Ä¶ https://t.co/eo3Dz3Ykbo"
1517611747041026048,EricJGaming,Fri Apr 22 21:10:11 +0000 2022,-73.709589,45.605568000000005,"@TwitchSupport hello , my bank card who is linked to my account on Twitch have been working well until last night.‚Ä¶ https://t.co/J2IRIFvimA"
1517611747552677889,LucyPow43511632,Fri Apr 22 21:10:11 +0000 2022,-96.9596635,32.595264,@hryekewicz @LRELonghorns Love this!
1517611747833782276,NFTsAnonymous,Fri Apr 22 21:10:11 +0000 2022,-75.77004099999999,42.746617,@TheMidsLife @0xHustler Trust me I‚Äôm not ü§£ but thanks for coming to my defense
1517611747821031424,tmj_MOP_NURSING,Fri Apr 22 21:10:11 +0000 2022,-94.513281,37.0842271,"At Mercy, we are pioneering a new model of care, and we continuously strive to deliver a transformative health expe‚Ä¶ https://t.co/lZPlJqnMij"
1517611749180063747,5aad,Fri Apr 22 21:10:11 +0000 2022,-79.2725695,43.629311,Craving pakoray so hard rn.
1517611750367145984,bluntmindx,Fri Apr 22 21:10:11 +0000 2022,-73.9685415,40.780709,"Mfs stay linking cum dumps and eaters, how am I suppose to trust a link? Damn ü§¶üèª‚Äç‚ôÇÔ∏è"
1517611750572494848,falasteenMX,Fri Apr 22 21:10:11 +0000 2022,-119.03434899999999,34.225327500000006,Israel is the one drying up the Dead Sea. The same way Israel uproots all of the olive trees in Palestine and plant‚Ä¶ https://t.co/9OKT0wU9bb
1517611751365349381,LovingHippy,Fri Apr 22 21:10:12 +0000 2022,-80.928439,41.8039265,@rachelm28125649 Understand that your dog just passed away
1517611753361838083,DPatriit,Fri Apr 22 21:10:12 +0000 2022,-74.242616,40.833453500000005,"@LionelMedia We are commanded to preach the gospel. God is in charge of the people who have ears to hear, and become saved"
1517611753315598339,Phepheg1,Fri Apr 22 21:10:12 +0000 2022,-118.731399,34.2673105,Big Friday and system for work gone down...so ya just clock out then? üò¨
1517611753504395267,wxTO,Fri Apr 22 21:10:12 +0000 2022,-79.61174011,43.68059921,5pm: Mostly Cloudy 11.8C - https://t.co/pu4P1J8FJG - Wind: SSE 15km/h - Barometer: 103.2 kPa v - Vis: 24.1km - Hum: 51% #Toronto #Weather
1517611752577454082,WCIA3Andy,Fri Apr 22 21:10:12 +0000 2022,-88.27921900000001,40.1074845,Big man came flying in @Barlev23 https://t.co/vYIVjgrL8j
1517611754926313472,armanic111,Fri Apr 22 21:10:12 +0000 2022,-94.628608,38.915593,Bee Gees - Stayin' Alive (Remix) https://t.co/dWnlhAeDgA via @YouTubeüá∫üá∏üíìüá∫üá¶üå¥
1517611754867597314,Ross_Wheatley,Fri Apr 22 21:10:12 +0000 2022,-86.441236,39.766555499999996,"@xiphi Exactly. My first memories are probably of WWF, but simply because I'd learned of this Hulk Hogan fella who‚Ä¶ https://t.co/bQAu2mzw6x"
1517611755186229248,tmj_BHM_secure,Fri Apr 22 21:10:12 +0000 2022,-87.5691735,33.2098407,This Security Officer job might be a great fit for you. Click the link in our bio to see it and more. Hospital Secu‚Ä¶ https://t.co/CX0tDRBYrQ
1517611755559702535,UGAFanTim,Fri Apr 22 21:10:13 +0000 2022,-81.725752,33.5327425,"@RepAndyBiggsAZ Yes....the year that a tyrant was overthrowJan 21, 2021....the USA replaced the most inept &amp; corr‚Ä¶ https://t.co/VVjIGqZtZx"
1517611756289409026,Dragontrybe424,Fri Apr 22 21:10:13 +0000 2022,-96.994833,32.768591,Matt Gaetz &amp; moral do not belong in the same sentence. Unless moral is spelled I M M O R A L. Or you‚Äôre referring t‚Ä¶ https://t.co/OrlwqXo2Hb
1517611756734062593,amyy_claire,Fri Apr 22 21:10:13 +0000 2022,-87.9672925,43.0567225,but unfortunately I‚Äôm never drinking again so
1517611756423634944,ArgoJournal,Fri Apr 22 21:10:13 +0000 2022,-80.13381050000001,25.887649500000002,.@GallupNews Poll:Do you approve or disapprove of the way Joe Biden is handling his job as president?% Approve/‚Ä¶ https://t.co/va7xGsSbd7
1517611758885773319,sweetashoney218,Fri Apr 22 21:10:13 +0000 2022,-82.3882145,36.3447405,#hi Justin
1517611759351349248,albino_lucinda,Fri Apr 22 21:10:13 +0000 2022,-73.9685415,40.780709,And now that status is taken away.
1517611759389089795,cinnamon_msft,Fri Apr 22 21:10:13 +0000 2022,-73.8311875,40.6708795,@marbtweeting @gabbybilka Not having a deck is such a power move üëè
1517611758189518851,lyricalmar,Fri Apr 22 21:10:13 +0000 2022,-77.0143985,38.898602999999994,THE QUEEN üëë CALLED üó£üó£MAR. - WE GO UP (REMIX) ü¶Ñü¶Ñüî•üî•üî•üî•üî•üî•üî•üî•üî•üî• https://t.co/g2IPNIAnYO #WeGoUpREMIX @NICKIMINAJ‚Ä¶ https://t.co/tE1MjRKANI
1517611759841923072,juadog,Fri Apr 22 21:10:14 +0000 2022,-123.123581,49.257639,"@JenniferLinn17 They are very, very good at cheating. Playing fair against them is a good way to lose."
1517611759938547712,Rosieredtica,Fri Apr 22 21:10:14 +0000 2022,-83.804475,27.698681999999998,@hellocanada55 Totally ü§£üëç
1517611760995299328,acephallus,Fri Apr 22 21:10:14 +0000 2022,-78.82221799999999,43.8309855,In the Big City!
1517611761448493057,JaseTxRi,Fri Apr 22 21:10:14 +0000 2022,-71.319225,41.74099,"@townhallcom What a Pres. üëè This will be taught in schools like ""ask not what your country can do for you..."""
1517611761498738690,BTSMyHappySpot,Fri Apr 22 21:10:14 +0000 2022,-79.42086499999999,38.003375500000004,"@MorganPof3 Yeah it‚Äôs super frustrating. I had this girl come down and stand directly next to me, impeded my bomb,‚Ä¶ https://t.co/RudKvipzOl"
1517611760575991811,SQCsoccer,Fri Apr 22 21:10:14 +0000 2022,-84.358012,39.366125,Congratulations to the Sporting Queen City G05 I team on a 4-0 win in their match vs Tennessee United 05 Girls SCCL‚Ä¶ https://t.co/lhn3s2bf8X
1517611761892880384,trinibaby555,Fri Apr 22 21:10:14 +0000 2022,-115.0611275,36.184754,yeah i need to buy a house so i can get a new puppy
1517611762442407936,TiwariJo,Fri Apr 22 21:10:14 +0000 2022,-121.9415795,37.758224999999996,@Being_romeli She looks gorgeous üíÉ
1517611762593501184,thewarnerwest,Fri Apr 22 21:10:14 +0000 2022,-97.4451735,35.222301,Quick and good local OKC places for supper? We're planning on catching a movie and will only have abt 40-50 minutes to eat.
1517611763667251202,shvlice,Fri Apr 22 21:10:14 +0000 2022,-104.92209349999999,39.713563,Feels goodüìç
1517611763671392257,cdcdrum,Fri Apr 22 21:10:14 +0000 2022,-97.448689,35.508528999999996,Persona Custom Clothiers @PersonaCustomCl was represented BIG TIME at the fight last week in Dallas. üëçüî•ü•äüí™üíßüëÄ‚Ä¶ https://t.co/hcyLsX7prW
1517611765688905730,binobaby26074,Fri Apr 22 21:10:15 +0000 2022,-90.347994,38.7468565,@yesimsassy_ @GotFights Lol me and Shaq
1517611766066331648,rrodriguesspp,Fri Apr 22 21:10:15 +0000 2022,-74.030317,40.76662,Back to back aces by O‚ÄôFlanagan makes it 23-18 SPP in set #2. #SPPvsUC
1517611770751369218,kentess1959,Fri Apr 22 21:10:16 +0000 2022,-77.2899545,38.567848999999995,@ACTBrigitte You are one of the few people who stands with her. MTG needs to go!
1517611770621222912,coding_eddie,Fri Apr 22 21:10:16 +0000 2022,-111.931711,34.1682535,@TheJackForge Push to production at 4:45 on a Friday. Jk üòÅüòéüëÄüòá
1517611771380441088,TiffanyDgn,Fri Apr 22 21:10:16 +0000 2022,-114.14326249999999,45.4945515,@DonEford @KunstJonas It can‚Äôt be more than a couple yrs old tho. Is it no longer relevant bc we have so much more data now?
1517611771934216194,KellyRDearmore,Fri Apr 22 21:10:16 +0000 2022,-100.0768885,31.1688935,Pregame for tonight. https://t.co/agTTMXhonI
1517611774031265792,MightyMolasses,Fri Apr 22 21:10:17 +0000 2022,-122.0238405,37.378397,Hope you are having a great #JellyBellyFriday! üòªüíãüêà‚Äç‚¨õ https://t.co/sDPE2pXJS2
1517611773599358977,WNHawkins,Fri Apr 22 21:10:17 +0000 2022,-83.804475,27.698681999999998,"Another great day @Thd6346 ... today is National Jelly Bean Day and what better way to celebrate, lots &amp; lots of co‚Ä¶ https://t.co/vvtBNeU3td"
1517611774819905537,baby_fajita,Fri Apr 22 21:10:17 +0000 2022,-97.71558250000001,26.196365,bad bunny using a car sale add to market his new album how CUTE
1517611775860088834,Mikexq28guy,Fri Apr 22 21:10:17 +0000 2022,-82.702766,41.4508725,@francismmaxwell Truth!
1517611775671291906,C2fineee,Fri Apr 22 21:10:17 +0000 2022,-82.21839449999999,27.93168,I‚Äôve been doing a lot of tanning lately üòÆ‚Äçüí® if you couldn‚Äôt tell #onlyfans https://t.co/bt6GeySFvt
1517611776346578945,theyoungcrews,Fri Apr 22 21:10:18 +0000 2022,-83.379021,33.940458,theyoungcrews meets theyoungercrewsfirst person ive ever met that is also named Crewsi feel devastatingly fungi‚Ä¶ https://t.co/cq6kHVelIf
1517611777307070467,AuroraMoonrise,Fri Apr 22 21:10:18 +0000 2022,-94.5592815,39.1000485,Cc my stepmother who also didn't know what monotheism is
1517611777659449345,Hestoowavy,Fri Apr 22 21:10:18 +0000 2022,-76.8849345,38.9262355,Hustle &amp; Motivate üíô https://t.co/n3cU2QvoHk
1517611778984849410,devansr12,Fri Apr 22 21:10:18 +0000 2022,-93.2620465,44.9706105,@evanrobertsnz Wait is that 1889 for the dob?
1517611780133974016,YinzerNPortland,Fri Apr 22 21:10:18 +0000 2022,-122.630908,45.536402,"It's one less position to worry about in the draft. Can set the focus on CB, WR, DL."
1517611780448481280,cweaverfilms,Fri Apr 22 21:10:18 +0000 2022,-118.4119065,34.0207895,My boy
1517611782159798272,RichRollie248,Fri Apr 22 21:10:19 +0000 2022,-118.4119065,34.0207895,She‚Äôs so fire why is she‚Ä¶.
1517611783330140161,misstheman15,Fri Apr 22 21:10:19 +0000 2022,-71.0887125,42.3136695,@one_lunga Bunch of scumbags https://t.co/TpkRw3eEBk
1517611784630329347,eranschau,Fri Apr 22 21:10:19 +0000 2022,-93.362067,45.036056,Do NOT click on this‚Ä¶Do NOT click on this‚Ä¶Do NOT click on this‚Ä¶
1517611786106818568,MarkCrofton,Fri Apr 22 21:10:20 +0000 2022,-80.30696449999999,25.667718999999998,"Very Florida tweet: rule breaking, polluted water, and outdoor activities"
1517611786295562242,hoeychIoe,Fri Apr 22 21:10:20 +0000 2022,-77.3971595,37.2654925,"""I want to be with you"" *abandons me and ignores me when I need support the most*"
1517611787700498432,tmj_WAT_intern,Fri Apr 22 21:10:20 +0000 2022,-122.3126222,47.3223221,"Nervous to apply for a job like ""Construction Intern"" at DMS - Doyon Management Services, LLC? Apply even if you're‚Ä¶ https://t.co/NnmILs8huU"
1517611788312842240,defnotatrolllol,Fri Apr 22 21:10:20 +0000 2022,-122.630908,45.536402,@TheAmitie isn't the SAT out of 2400 now?
1517611788455624704,TheLudlowReaper,Fri Apr 22 21:10:20 +0000 2022,-83.5452185,35.879209,Everything Everywhere All at Once just blew my socks off. Holy shit. I loved everything about it SO DEEPLY. It was‚Ä¶ https://t.co/QuRumJdQ5R
1517611788711256064,tmj_VAH_retail,Fri Apr 22 21:10:20 +0000 2022,-78.1839186,38.9110282,"Click the link in our bio to see currently open #storemanager #retailjobs jobs like ""Retail Store Manager"" at CVS Health in Front Royal, VA."
1517611787734114309,darcevader66,Fri Apr 22 21:10:20 +0000 2022,-80.916117,35.22771,Hanging out on the front porch of @coyotejoes  with @ClayGuffey. Ready to see @Travis_Denning tonight!‚Ä¶ https://t.co/MIjLMJLmhD
1517611790087204865,smpuente,Fri Apr 22 21:10:21 +0000 2022,-95.44648649999999,29.838495,@ashdivecha @ErikVidor It took another client 7 weeks for the part on her truck. She was stuck out and I just saw h‚Ä¶ https://t.co/PU04Ex8EYc
1517611790078676992,Kevin_S_Kolb,Fri Apr 22 21:10:21 +0000 2022,-111.7375655,33.4057545,@andreagailspenc @Marina_Sirtis You are a sad individual if you even think I am misogynist based on one thought.  I‚Ä¶ https://t.co/4EFXfNmTZS
1517611791668310016,tmj_ORL_skltrd,Fri Apr 22 21:10:21 +0000 2022,-81.3792365,28.5383355,"Join the Tetra Tech team! See our latest #SkilledTrade job openings, including ""Driller - Orlando"", via the link in our bio. #Orlando, FL"
1517611792393859072,tmj_OKA_ACCT,Fri Apr 22 21:10:21 +0000 2022,-81.6851271,41.3139426,"Interested in a job in Broadview Heights, OH? This could be a great fit: https://t.co/92FKbDxxko #KellyJobs #KellyServices"
1517611792750592000,JJSanchez0907,Fri Apr 22 21:10:21 +0000 2022,-75.117998,40.0048655,Y Tenchy üòÇüòÇüòÇ
1517611792947724291,StephCristt,Fri Apr 22 21:10:21 +0000 2022,-94.8227755,29.287575,@RHXDUBAI Sending good vibes from Louisiana
1517611793291649026,moosedude4,Fri Apr 22 21:10:22 +0000 2022,-93.1056485,44.9415155,(in reference to wrastling)
1517611794025566209,TheS_Squared,Fri Apr 22 21:10:22 +0000 2022,-86.1429225,39.7795625,The greatest gift Instagram reels have given me are all of the female comedians I now follow.
1517611794226827264,fordandvegas,Fri Apr 22 21:10:22 +0000 2022,-117.9987325,33.692542,Check out Ford &amp; Vegas's video! #TikTok https://t.co/V1SjM758zu
1517611795791364096,VixenByNight72,Fri Apr 22 21:10:22 +0000 2022,-97.1356375,32.70185,"This series is definitely over the top, but it's purposely that way for a reason. I think TPTB truly want their vie‚Ä¶ https://t.co/w0QVrbEmYB"
1517611795606917120,JaCamp182,Fri Apr 22 21:10:22 +0000 2022,-77.60468399999999,41.1179365,Tough Day Results: 3 games 10 tds 0ints. Tournament got canceled after our first playoff gameüèàüíé https://t.co/GnAeFlQ2uB
1517611797091692545,UGAtennis,Fri Apr 22 21:10:22 +0000 2022,-83.3997795,33.9563835,"ùêíùêàùêçùêÜùêãùêÑùêí ùêîùêèùêÉùêÄùêìùêÑ:  1. Stewart v. Walton 1-6, 5-62. Henning v. Monday 3-6, 4-53. McCormick v. Hudd 7-6, 1-35. Cro‚Ä¶ https://t.co/eAocjSfeMN"
1517611799381639168,BDaveWalters,Fri Apr 22 21:10:23 +0000 2022,-118.325145,34.182159999999996,"Ayyyeeee, finally broke 40K followers, and still kept it 1337 hahaha. Thanks everyone! https://t.co/q9mxwlo1oq"
1517611801067896835,Deuce_Bigallo,Fri Apr 22 21:10:23 +0000 2022,-79.9437475,43.523123,"If I had to start over.,."
1517611801134915587,Clayzor85,Fri Apr 22 21:10:23 +0000 2022,-97.1742045,32.8467245,"Really busy day at work, hoping @MrBermingham comes through on the Larry the cable guy interview"
1517611801780891650,keepnupwitce_,Fri Apr 22 21:10:24 +0000 2022,-73.66944950000001,40.5886235,üò≠üò≠never going to the liq store in lb nomoreeee. im going to ip they got the deals
1517611802166710276,EvolvingManLBV,Fri Apr 22 21:10:24 +0000 2022,-84.433106,33.7671945,"@jodyjsperling I wrote a post-apocalyptic manuscript addressing the #ClimateCrisis, #Racism, #Sexism,‚Ä¶ https://t.co/paT6qmfeC0"
1517611802359746560,janemgonz,Fri Apr 22 21:10:24 +0000 2022,-83.2914245,42.6516675,@mom2sapphires I was getting pissed myself tbh.
1517611802682613760,LSUDilly0,Fri Apr 22 21:10:24 +0000 2022,-93.208902,30.331407499999997,Imagine like a 12K 28‚Äù 1000fps monitor screen. üßê
1517611802066042880,tehemopenguin,Fri Apr 22 21:10:24 +0000 2022,-71.0887125,42.3136695,the Intel booth is showcasing people attempting Malenia fights and I‚ÄôM ALL FOR THIS #ELDENRING https://t.co/7ucxBo8AxK
1517611803789955074,LindaSc60490794,Fri Apr 22 21:10:24 +0000 2022,-95.940918,41.1401075,@rachelm28125649 I know it does.  Do something good for yourself.  Maybe a massage or a mani pedi or a bubble bath‚Ä¶ https://t.co/sVHhqyfnLa
1517611803773227010,DJScHItso,Fri Apr 22 21:10:24 +0000 2022,-76.255686,36.895082,@Eminem #Eminem there is no need for my Junior as you know as to be Eminem to contact me because I do not serve him‚Ä¶ https://t.co/a9yD4RU5eQ
1517611805551448064,JinnieSaran,Fri Apr 22 21:10:24 +0000 2022,-123.07251500000001,49.288236,@jennyleeSD Ugh no! Wear your masks and if your sick don‚Äôt go out! It‚Äôs not that difficult
1517611806704996353,PunkDawgie83,Fri Apr 22 21:10:25 +0000 2022,-97.90876449999999,31.1214705,$50K a player‚Ä¶ but your PA announcer had to play ‚Äúshot clock‚Äù this season‚Ä¶ interesting what booster money could have fixed‚Ä¶ oh well.
1517611807489277957,LouManoti,Fri Apr 22 21:10:25 +0000 2022,-86.082701,39.7141,@lushlyssa Alright
1517611807065706498,poopiestpants,Fri Apr 22 21:10:25 +0000 2022,-97.754724,30.323345500000002,She threw her pacifier at me after I said this ‚Ä¶‚Ä¶ what I get for telling her what‚Äôs what around this mf https://t.co/1TsCePCyNI
1517611808361574400,JesusByProxy,Fri Apr 22 21:10:25 +0000 2022,-116.9880225,32.85118,Once and I‚Äôm good.
1517611808638607368,JulieBoettche16,Fri Apr 22 21:10:25 +0000 2022,-96.053431,41.275721000000004,"This is good news to me that AJ Pollock is back in the lineup tonight.... Hopefully, he will give the White Sox a s‚Ä¶ https://t.co/TCDLt9llhL"
1517611809548734464,FatBlood,Fri Apr 22 21:10:25 +0000 2022,-74.2367465,40.770981500000005,"@Nothing_Neue @radiculebeats thats what we used to call selling out, not funding recordings.The music is the pota‚Ä¶ https://t.co/0fpY1exry4"
1517611810035220485,Julysveryownn,Fri Apr 22 21:10:26 +0000 2022,-81.5563335,41.398685,The one time I locked my car.. I need to get in it.
1517611810240741376,falloutgrl00,Fri Apr 22 21:10:26 +0000 2022,-122.266,45.3975,Daily prayer üôè #dailydevotional #dailyaffirmations #dailymotivation #dailyprayer #jesuslovesyou #jesusislove‚Ä¶ https://t.co/iC7ebjlVea
1517611810878365696,NYCFranchise718,Fri Apr 22 21:10:26 +0000 2022,-73.97322199999999,41.709497999999996,@TonySta37326461 STOP posting these fine ass women! About to become this MF‚Äôer: https://t.co/ORsANTDvg4
1517611814153977856,tmj_retailjobs,Fri Apr 22 21:10:27 +0000 2022,-81.0998342,32.0835407,"O'Reilly Auto Parts intends to be the automotive aftermarket industry leader, and we realize that this goal can onl‚Ä¶ https://t.co/zq1zb3VjeG"
1517611813831069710,YourNickGilbert,Fri Apr 22 21:10:26 +0000 2022,-78.9778695,33.6095385,"Thank you, Mr. Fraser very cool and poggers https://t.co/ZCc064PKyv"
1517611814514794496,katemistress208,Fri Apr 22 21:10:27 +0000 2022,-118.4119065,34.0207895,#bdsmlifestyle#sissificationBdsm weeks‚ù§Ô∏è https://t.co/JzhKnPIEGW
1517611816402227200,KyleWestReviews,Fri Apr 22 21:10:27 +0000 2022,-86.441236,39.766555499999996,Cries in having car troubles that can‚Äôt be fixed til Monday
1517611815785549825,CodyBoopers,Fri Apr 22 21:10:27 +0000 2022,-122.351106,38.255556,Took a ‚Äúme‚Äù day. üç∑ https://t.co/QhB87nfzaq
1517611818780266496,rebeccafe14,Fri Apr 22 21:10:28 +0000 2022,-75.38664800000001,40.279009,@Se0kedInLuv You know what? Don‚Äôt explain. Let this one ride.
1517611820374188034,nitewondernc,Fri Apr 22 21:10:28 +0000 2022,-79.861034,35.1704985,@JVazquez90 Nice pictures. Looking üëç.
1517611820479098885,Coach_BAndrews,Fri Apr 22 21:10:28 +0000 2022,-98.716992,35.3090465,@CoachSherm5 Life = choices. Here‚Äôs a very teachable moment for our student-athletes. Life has to have balance an‚Ä¶ https://t.co/PT5cLdCcBt
1517611820986605568,jmsully09,Fri Apr 22 21:10:28 +0000 2022,-71.09140049999999,42.780778,@NMBewitched OMG GOD ANSWERED OUR PRAYERSüòÄ  HOPE SHE LIVES A LONG HAPPY AND HEALTHY LIFE üíï
1517611821296852992,JohnA_USMCvet,Fri Apr 22 21:10:28 +0000 2022,-120.47181,37.316222499999995,@tahoerimriders TRUTH!!üí•üí•üî•üéØüéØ
1517611821821095937,litlove71,Fri Apr 22 21:10:28 +0000 2022,-118.9457615,34.821702,"@KhepryRe @missVivian_O Sorry, I‚Äôm sleep deprived. I‚Äôm not sure what you mean."
1517611822060294147,brannonmc,Fri Apr 22 21:10:28 +0000 2022,-82.3422685,34.7959415,The new Lightyear movie is being released in IMAX. https://t.co/KFdy2euSLZ
1517611822479777793,ABigThingBadly,Fri Apr 22 21:10:29 +0000 2022,-72.7502315,41.762316999999996,@VoltronNFT I‚Äôve been advised to keep one PFP all the time.  BUT aside from that I‚Äôm open to all suggestions about‚Ä¶ https://t.co/Qz1JeUJbeX
1517611825273131011,ImpatienTourist,Fri Apr 22 21:10:29 +0000 2022,-79.2725695,43.629311,Nah something in the air today. Huh https://t.co/jmuznCDZDc
1517611825965109249,andyfedy,Fri Apr 22 21:10:29 +0000 2022,-122.4359785,37.7706565,SEE U AT STERN GROVE IN AUGUST ‚ö°Ô∏èü•µüå≥üê¢ü™ï https://t.co/9MwhDUn5RR
1517611825642283009,FrankWilliams,Fri Apr 22 21:10:29 +0000 2022,-79.861034,35.1704985,"My wife and I were in an antique shop near Boone today looking for some cool, historic decoration for our home offi‚Ä¶ https://t.co/McPkaKVJrC"
1517611827399639040,madebynzlfebas,Fri Apr 22 21:10:30 +0000 2022,-84.433106,33.7671945,Lana Del Rey - ‚Äãhope is a dangerous thing for a woman like me to have bu... https://t.co/Dbed2aogU0 via @YouTube
1517611830000058368,ScottHawkes9,Fri Apr 22 21:10:30 +0000 2022,-122.93553,45.530778999999995,"@Arcadia6280 @JBladeKO He does have a hot wife, though."
1517611830062985216,ThunderSport303,Fri Apr 22 21:10:30 +0000 2022,-105.1281885,39.8202065,@WeeeSkins @bdnicks2184 @VicLombardi That stuffed got me right.
1517611830385909760,tmj_NES_retail,Fri Apr 22 21:10:30 +0000 2022,-101.7162951,41.1257844,"Nervous to apply for a job like ""LEAD SALES ASSOCIATE-FT in OGALLALA, NE S08365"" at Dollar General? Apply even if y‚Ä¶ https://t.co/93JsX15lIA"
1517611830549434368,paco_asap,Fri Apr 22 21:10:30 +0000 2022,-117.851089,33.842863,@DamItsPhat @Cokeinyoson I wanna fuck you https://t.co/00DXSEtfaR
1517611830952153088,will_schilling,Fri Apr 22 21:10:31 +0000 2022,-121.469664,38.561722,Boom! #StingersUp
1517611831447019520,TheRealLCB24,Fri Apr 22 21:10:31 +0000 2022,-122.0664725,37.715782,@trishacullen I absolutely agree with ya hun.  Check 'em regularly and Often.
1517611831644196865,tmj_WV_LABOR,Fri Apr 22 21:10:31 +0000 2022,-80.1425781,39.4850848,We are committed to our employees‚Äô well-being and provide a comprehensive wellness program. Through a Wellness Coac‚Ä¶ https://t.co/NseMiWMFIj
1517611832092991488,tmj_HAR_schn,Fri Apr 22 21:10:31 +0000 2022,-72.6850932,41.7637111,"See our latest #Hartford, CT job and click to apply: Warehouse Associate - https://t.co/3Br4WzDseE #SupplyChain"
1517611831581417474,merelyn_,Fri Apr 22 21:10:31 +0000 2022,-79.2725695,43.629311,Crazy fire üî• right outside my balcony. #toronto #2alarmfire #nope https://t.co/u7bUOUrsyW
1517611832357232640,tmj_cte_transp,Fri Apr 22 21:10:31 +0000 2022,-71.4705956,41.9913195,"Don't submit then quit. Apply for jobs like ""Manager, Pharmacy Trade and Supply Chain - Hybrid"" at CVS Health, then‚Ä¶ https://t.co/VR74ZVoInc"
1517611832516562946,brinksuscareers,Fri Apr 22 21:10:31 +0000 2022,-90.0489801,35.1495343,"We are hiring for our #Transportation roles in Memphis, TN! We're looking for dedicated, trustworthy, and driven in‚Ä¶ https://t.co/3CuW8kyrzR"
1517611832617308160,uamsnurses,Fri Apr 22 21:10:31 +0000 2022,-92.3542193,34.7486563,"At UAMS, we are looking for healthcare professionals who believe in excellence as a way of life. If you have the sk‚Ä¶ https://t.co/waLWx2OQ34"
1517611833364029441,BigHomie_Fresh,Fri Apr 22 21:10:31 +0000 2022,-90.389938,31.8642,@VISUALSAF_PRO I did one to the song my way I‚Äôm gonna see about doing ‚ÄúNice &amp; Slow‚Äù that‚Äôs my slapper right there üî•üòéüëåüèæ
1517611834118971398,Jewlz340,Fri Apr 22 21:10:31 +0000 2022,-76.5536145,38.68316,Projecting your insecurities
1517611834638929920,tmj_MIT_LABOR,Fri Apr 22 21:10:31 +0000 2022,-82.9178838,42.6937328,"If you're looking for work in Macomb, MI, check out this #Labor job via the link in our bio: Warehouse Associate -‚Ä¶ https://t.co/c7I1rWFfG3"
1517611834756448260,DolheatPanfan,Fri Apr 22 21:10:31 +0000 2022,-80.1223555,26.301198,@ian693 This is such a great public service announcement! Thank you
1517611834974650371,DeaconBlues0,Fri Apr 22 21:10:31 +0000 2022,-73.82943499999999,42.6081775,@LiliaDarkStar You had me laughing outloud on that one.
1517611835817615361,AfricanCaptains,Fri Apr 22 21:10:32 +0000 2022,-83.099288,42.3527865,Fri‚Ä¢DaY   ‚Ä¢ üé∏üé∏üé∏üé∏üé∏‚Ä¢       .‚Ä¢¬∞ occuLT    ‚Ä¢ ü•Åü•Åü•Åü•Åü•Å ‚Ä¢ CapTains and PeNtaGon ‚Ä¢ üé∑üé∑üé∑üé∑üé∑‚Ä¢ üéπüéπüéπüéπüéπ ‚Ä¢ The aFrican Music Indu‚Ä¶ https://t.co/puroNRxdac
1517611836278931456,tmj_cae_transp,Fri Apr 22 21:10:32 +0000 2022,-81.0739825,33.9934867,Haul freight for some of the world's biggest companies. Drive with Penske Logistics. Click the link below to apply!‚Ä¶ https://t.co/71cOTHNot3
1517611836392108032,tmj_MI_skltrd,Fri Apr 22 21:10:32 +0000 2022,-83.8673891,43.4157646,"Join the Intertek team! See our latest Technicians job openings, including ""Engineering Technician I"", via the link‚Ä¶ https://t.co/6JMAt5cqki"
1517611835846930434,2_baked,Fri Apr 22 21:10:32 +0000 2022,-104.92209349999999,39.713563,@LOSLEGHOST You had it right with @LongLostNFT üåÄ https://t.co/UWW9c61kgS
1517611836836745217,tmj_VAA_it,Fri Apr 22 21:10:32 +0000 2022,-77.1067698,38.8799697,"Interested in a job in Arlington, VA? This could be a great fit. Click the link in our bio to apply: Infrastructure‚Ä¶ https://t.co/hzOUbmwSUS"
1517611836870324226,tmj_MNS_NURSING,Fri Apr 22 21:10:32 +0000 2022,-93.3582305,45.2202632,"At CVS Health, we encourage our employees to embrace change and continually work to inspire others. Check out this‚Ä¶ https://t.co/zA8b4IvsGn"
1517611836832718851,Columbia_Mr_A,Fri Apr 22 21:10:32 +0000 2022,-77.209915,38.8385265,Love this PTA! Thank you @columbiaes_pta for putting together a great #EarthDay22 activity @columbiaes_fcps @fcpsr2‚Ä¶ https://t.co/cISyNnYT01
1517611837491236865,CPBrownCapital,Fri Apr 22 21:10:32 +0000 2022,-84.50306649999999,34.110776,@SamRo US Markets on Earth Day.  üåã https://t.co/5pv5JAa6Wj
1517611838221004801,ShawnFinchum,Fri Apr 22 21:10:32 +0000 2022,-83.9638415,35.9824705,"@RockyTopSkiBum @jwallrtn @MissMarie_84 @HowBoutDemVols It‚Äôs South Knoxville. Craig,  shouldn‚Äôt you be tweeting abo‚Ä¶ https://t.co/WTTB1oF2E1"
1517611839470850049,EronHodges,Fri Apr 22 21:10:33 +0000 2022,-97.28591349999999,32.7799665,Followed!!!
1517611840645308416,AustinJimmy,Fri Apr 22 21:10:33 +0000 2022,-89.87644900000001,32.571032,@longhairedlove Love hair and tits
1517611840787914754,ohnorita,Fri Apr 22 21:10:33 +0000 2022,-93.3613205,46.441860500000004,@ThatsNokay OmgI am laughing myself into an asthma attack....You people are killing me!!! https://t.co/Tyf3yoIzkg
1517611841882624001,fashiondiva1984,Fri Apr 22 21:10:33 +0000 2022,-97.552161,35.4828435,@cassdelores @Madamdefa Exactly.
1517611842335608832,CSmith4535,Fri Apr 22 21:10:33 +0000 2022,-83.1738665,32.6782075,@vhighgemini I can‚Äôt‚Ä¶‚Ä¶‚Ä¶I can‚Äôt ‚Ä¶.imagine.  I‚Äôm a Mom‚Ä¶and a Grandmom.  And you have humbled my heart.  Those wor‚Ä¶ https://t.co/XDkzYcSpsV
1517611842352386054,nyc_ster,Fri Apr 22 21:10:33 +0000 2022,-74.0064,40.7142,Group shots!!! üì∏ @ NYC https://t.co/EOPBB6YQXf
1517611842197151744,JAMALLICKTHECHE,Fri Apr 22 21:10:33 +0000 2022,-83.804475,27.698681999999998,eating this rn washing it down with the barqs https://t.co/t1787KMqWf
1517611843795177479,kygranny1432,Fri Apr 22 21:10:34 +0000 2022,-85.7682405,37.822244,@ML3democrats So excited for you!
1517611845116387332,kamauri93,Fri Apr 22 21:10:34 +0000 2022,-120.93194444,35.44805556,Just posted a photo @ Estero Bluffs State Park https://t.co/vD3fKBzgoH
1517611847326650368,OhhhRoman,Fri Apr 22 21:10:34 +0000 2022,-118.4119065,34.0207895,@djfaucet_ When I see Dave https://t.co/AkrJqNSKZH
1517611847666606080,pearceweb,Fri Apr 22 21:10:35 +0000 2022,-93.3613205,46.441860500000004,@TimHannan Or Walmart as a cashier‚Ä¶
1517611847695966208,Grebig,Fri Apr 22 21:10:35 +0000 2022,-75.3764375,43.045750999999996,"Y'all have a great weekend, and be excellent to each other eh?"
1517611847880478726,Monkeyinheaven,Fri Apr 22 21:10:35 +0000 2022,-73.9685415,40.780709,Who's your favorite comic?
1517611847905599490,Williamhuck4,Fri Apr 22 21:10:35 +0000 2022,-75.53173749999999,40.7565885,@QasimRashid @RebeccaforWA Don‚Äôt know we‚Äôre you got your facts.  I just googled it White family medium 74000.   Bla‚Ä¶ https://t.co/MQO6jtndYG
1517611848153116673,cocodujour4u,Fri Apr 22 21:10:35 +0000 2022,-76.255686,36.895082,GET OFF THE FLOOR!!! Furniture is there for a reason. I mean‚Ä¶üôÑü§¶‚Äç‚ôÄÔ∏èü§£
1517611848052482048,BradArnoldWX,Fri Apr 22 21:10:35 +0000 2022,-100.386349,35.908944,"@Tornado_Steejo Yo dude! I think I saw you yesterday, but I wasn't sure so I didn't want to look like an idiot if i‚Ä¶ https://t.co/C7w74yzRnA"
1517611849365311490,JimDixon266,Fri Apr 22 21:10:35 +0000 2022,-94.92774299999999,39.3211475,@JoyceWhiteVance @RepMTG will get her memory back during the next Trump rally or appearance on the War Room.
1517611849742643200,xPxPlayaxRx,Fri Apr 22 21:10:35 +0000 2022,-115.038337,36.006256,@SharpFootball They know exactly who they are taking. üòÇ https://t.co/bsFxOokox7
1517611850778628096,alicestattoos,Fri Apr 22 21:10:35 +0000 2022,-122.60958,45.4723,NEW @frankieandcocopdx @wonderlandpdx collab bags have LAUNCHED!!!!! Shop now at https://t.co/11cHzJ9Og4 (link ink‚Ä¶ https://t.co/wfN9OiwBjY
1517611850753396736,JSHTRealEstate,Fri Apr 22 21:10:35 +0000 2022,-122.334461,47.307568,I like to call this process of putting our SOLD sign up the #VictoryLap #JamesSmithHomeTeam #nipseyhussle https://t.co/QjiDIibQt5
1517611852720750594,yoohootom,Fri Apr 22 21:10:36 +0000 2022,-81.5204785,41.58846,@CLNelsen94 @msmaysunshine Lord Herbert Mochaton of Westshire at your service.
1517611853194698753,girlicarus,Fri Apr 22 21:10:36 +0000 2022,-93.15692200000001,45.0140865,I‚Äôm still going tho
1517611853186322432,alexjante,Fri Apr 22 21:10:36 +0000 2022,-84.433106,33.7671945,I just jumped in my pants
1517611853622525953,amysuuuue,Fri Apr 22 21:10:36 +0000 2022,-75.19497829,39.98912386,h a p p y  f r i d a y üå∏....#tgif #fambam #throwback #philadelphia #shofusojapanesehouseandgarden‚Ä¶ https://t.co/1wUMRnnEJ3
1517611854125838336,_perkinson_,Fri Apr 22 21:10:36 +0000 2022,-97.26504349999999,32.82036,Oshey rap rapper rappest
1517611854435995648,glorossssss,Fri Apr 22 21:10:36 +0000 2022,-104.789327,38.8885185,Different city every weekend lookingasss ü§£ü§£ü§£
1517611854750793730,Mikefromplayers,Fri Apr 22 21:10:36 +0000 2022,-78.748399,42.9072065,@RepMTG Americans must rise up against insurrectionists and not allow them to run for national office. Anti America‚Ä¶ https://t.co/qAEq3Qbu87
1517611856541663233,jerkinjerky,Fri Apr 22 21:10:37 +0000 2022,-77.846013,39.3110565,@KingPoloRich They probably got their nails done and were super excited bro why would you flake?**(They're hungry)
1517611857795854336,CalPeaceOfficer,Fri Apr 22 21:10:37 +0000 2022,-121.430081,38.588315,"Now Hiring: Police Captain | Los Rios Community College District: Sacramento, California | https://t.co/e1sgKg3bLj #jobs"
1517611858005475329,definingweb,Fri Apr 22 21:10:37 +0000 2022,-87.632496,41.883222,"The answers you seek never comes when the mind is busy, they come when the mind üß† is still.  #mindful #thoughts‚Ä¶ https://t.co/CxSp69lG3j"
1517611857577754624,TayRich0206,Fri Apr 22 21:10:37 +0000 2022,-84.4703885,33.631277499999996,#WheelsUp heading to #BatonRouge to be attending @LSU Spring Game @LSUfootball on tomorrow #HereWeCome‚Ä¶ https://t.co/BhoH7VWMmI
1517611859540688897,BisonBrewski,Fri Apr 22 21:10:37 +0000 2022,-71.054857,42.428694,@Acyn That's when you hand her a copy with the section highlighted and re ask the question
1517611859532263424,AndrGmail,Fri Apr 22 21:10:37 +0000 2022,-81.0232725,29.0923355,@JessWal61214376 @ShingekiGirl Um... who knows.... https://t.co/rmASWcIt7U
1517611860698308608,GopherCCTF,Fri Apr 22 21:10:38 +0000 2022,-93.2620465,44.9706105,A note on the Holst Invitational. The meet has been changed to just Saturday instead of the throws being contested‚Ä¶ https://t.co/XZXcw5qU3G
1517611861453295620,apolloavocado,Fri Apr 22 21:10:38 +0000 2022,-95.44648649999999,29.838495,"‚ÄúTK, where the hell have you been Loca!?‚Äù #Tarlos https://t.co/1EIBHkLBW3"
1517611863961395213,SchuckJH,Fri Apr 22 21:10:38 +0000 2022,-80.517599,28.369543,"Shut up liver, I bought a drink package! https://t.co/kiIKq434OA"
1517611865693597696,USUtheRightBlue,Fri Apr 22 21:10:39 +0000 2022,-111.98582400000001,40.3445525,I have seen two Jazz playoff wins and three playoff losses. By far this one hurt the most. Wins: OKC Game 3 201‚Ä¶ https://t.co/0IsjXmQXuU
1517611866364784642,MsClark608,Fri Apr 22 21:10:39 +0000 2022,-95.44648649999999,29.838495,@msbilliedavis Me tooü•∞
1517611866616483848,mandersonville,Fri Apr 22 21:10:39 +0000 2022,-86.791549,36.200008,"New state bill in 5, 4, 3‚Ä¶"
1517611867526545410,wildegeeks,Fri Apr 22 21:10:39 +0000 2022,-101.830238,35.208099,@damana Worked out perfect! I was so relieved. Shorter than my usual but totally great in a pinch. https://t.co/5CHF3szvv9
1517611868428410883,lainebee23,Fri Apr 22 21:10:39 +0000 2022,-72.7318375,40.8294475,@AmoneyResists I don't remember... Marjorie answered to every question.... How could she possibly do her job if she‚Ä¶ https://t.co/25hMPxwOVG
1517611870986809346,CoachDeTamble,Fri Apr 22 21:10:40 +0000 2022,-116.237907,33.7446325,@marriaperrez Don‚Äôt even think about it. Just put on your shoes and go.
1517611871213346823,Scott59Bill,Fri Apr 22 21:10:40 +0000 2022,-100.0768885,31.1688935,@liltrybaby Afternoon beautiful
1517611872278745089,nicksflicks,Fri Apr 22 21:10:40 +0000 2022,-74.0159515,40.7819916,Just posted a photo @ August Wilson Theatre https://t.co/JDn1LLwsVp
1517611872534638592,JeffPlankenhorn,Fri Apr 22 21:10:40 +0000 2022,-97.754724,30.323345500000002,@darinmbob @ClassicPopMag @oconnormoc @shelleykingtx Whaaaaaa? When was that!?!?
1517611872966610945,Snozz_Wanger,Fri Apr 22 21:10:41 +0000 2022,-84.433106,33.7671945,.@SenRickScott now claims a line (‚ÄúAll Americans should pay some income tax‚Äù) in his document was misinterpreted &amp;‚Ä¶ https://t.co/b6fKYGlmRZ
1517611874996527107,rembry,Fri Apr 22 21:10:41 +0000 2022,-111.928142,33.392883999999995,Complete garage. Does anyone actually believe this?
1517611875256573952,tmj_CAP_banking,Fri Apr 22 21:10:41 +0000 2022,-122.1430195,37.4418834,"We're hiring in Palo Alto, CA! Click the link in our bio to apply to this job and more: Client Manager at City Nati‚Ä¶ https://t.co/XBRQiwEyi4"
1517611875168628737,JayCrouse6,Fri Apr 22 21:10:41 +0000 2022,-76.2980605,39.440509,Sad but true... üòû https://t.co/yKF44vrNm2
1517611875152056320,tmj_OR_secure,Fri Apr 22 21:10:41 +0000 2022,-122.8354426,42.431618,"Want to work at Allied Universal? We're hiring in White City, OR! Click the link in our bio for details on this job‚Ä¶ https://t.co/I4MSKDcg3V"
1517611875491536896,FOSSfirefighter,Fri Apr 22 21:10:41 +0000 2022,-74.0870705,40.166405499999996,Holy shit an alto at VCF East https://t.co/WITO55j04c
1517611877957779457,donniew031971,Fri Apr 22 21:10:42 +0000 2022,-96.7349005,33.061242500000006,Katelynn Marie cook put a death wish on miranda lambert just now
1517611878414921728,tmj_OH_pharm,Fri Apr 22 21:10:42 +0000 2022,-82.9904692,38.7575227,"At CVS Health, we offer a diverse work experience that empowers colleagues for career success. Learn how we foster‚Ä¶ https://t.co/WJaNPvaFhp"
1517611878796578816,DavidGogoBlues,Fri Apr 22 21:10:42 +0000 2022,-124.099658,49.1730675,@jimrosecircus1 I remember people drinking something similar at your show‚Ä¶
1517611878813290496,GenesisCareers,Fri Apr 22 21:10:42 +0000 2022,-81.5615135,39.2667418,"So many of our employees have 20+ years of service with Willows Center. Every day in some way, they are changing li‚Ä¶ https://t.co/xwm7HBZdlb"
1517611879991963648,brown_lavender,Fri Apr 22 21:10:42 +0000 2022,-119.30660750000001,37.2691755,lowkey going to drop a reggaeton mix tonight been a while ü´£
1517611878989524993,theamericanjade,Fri Apr 22 21:10:42 +0000 2022,-122.4359785,37.7706565,Updated Travel dates! Catch me while you can. I‚Äôll be taking some time off after houston trip. Visiting dates on ph‚Ä¶ https://t.co/qWrmiDGGGf
1517611879367163904,Flenz90,Fri Apr 22 21:10:42 +0000 2022,-88.393439,44.278242500000005,@Peter_Bukowski Thoughts Peter? https://t.co/ha2k1gZHEX
